775152000.Mon.Jul.25_16_00_00.GMT.1994.argus02.c0.daytimex.rect.jpg,0
779731200.Fri.Sep.16_16_00_00.GMT.1994.argus02.c0.daytimex.rect.jpg,0
764182800.Sun.Mar.20_17_00_00.GMT.1994.argus02.c0.daytimex.rect.jpg,1
896889600.Wed.Jun.03_16_00_00.GMT.1998.argus02a.c0.daytimex.rect.jpg,2
960566400.Fri.Jun.09_16_00_00.GMT.2000.argus02a.c0.daytimex.rect.jpg,1
995385600.Tue.Jul.17_16_00_00.GMT.2001.argus02a.c0.daytimex.rect.jpg,1
1235235600.Sat.Feb.21_17_00_00.GMT.2009.argus02a.c0.daytimex.rect.jpg,3
1184342400.Fri.Jul.13_16_00_00.GMT.2007.argus02a.c0.daytimex.rect.jpg,0
1310313600.Sun.Jul.10_16_00_00.GMT.2011.argus02a.c0.daytimex.rect.jpg,0
1023379200.Thu.Jun.06_16_00_00.GMT.2002.argus02a.c0.daytimex.rect.jpg,2
1185984000.Wed.Aug.01_16_00_00.GMT.2007.argus02a.c0.daytimex.rect.jpg,0
1084291200.Tue.May.11_16_00_00.GMT.2004.argus02a.c0.daytimex.rect.jpg,0
1358614800.Sat.Jan.19_17_00_00.GMT.2013.argus02a.c0.daytimex.rect.jpg,2
1301331600.Mon.Mar.28_17_00_00.GMT.2011.argus02a.c0.daytimex.rect.jpg,4
1218124800.Thu.Aug.07_16_00_00.GMT.2008.argus02a.c0.daytimex.rect.jpg,0
796410000.Tue.Mar.28_17_00_00.GMT.1995.argus02.c0.daytimex.rect.jpg,3
1356454800.Tue.Dec.25_17_00_00.GMT.2012.argus02a.c0.daytimex.rect.jpg,2
1323882000.Wed.Dec.14_17_00_00.GMT.2011.argus02a.c0.daytimex.rect.jpg,1
980096400.Sun.Jan.21_17_00_00.GMT.2001.argus02a.c0.daytimex.rect.jpg,1
1377705600.Wed.Aug.28_16_00_00.GMT.2013.argus02a.c0.daytimex.rect.jpg,0
1127318400.Wed.Sep.21_16_00_00.GMT.2005.argus02a.c0.daytimex.rect.jpg,3
1291741200.Tue.Dec.07_17_00_00.GMT.2010.argus02a.c0.daytimex.rect.jpg,3
547664400.Sun.May.10_17_00_00.GMT.1987.argus02.c0.timex.rect.jpg,3
713206800.Fri.Aug.07_17_00_00.GMT.1992.argus02.c0.timex.rect.jpg,2
1153238400.Tue.Jul.18_16_00_00.GMT.2006.argus02a.c0.daytimex.rect.jpg,0
1104339600.Wed.Dec.29_17_00_00.GMT.2004.argus02a.c0.daytimex.rect.jpg,4
1336060800.Thu.May.03_16_00_00.GMT.2012.argus02a.c0.daytimex.rect.jpg,2
692643600.Fri.Dec.13_17_00_00.GMT.1991.argus02.c0.timex.rect.jpg,3
1097337600.Sat.Oct.09_16_00_00.GMT.2004.argus02a.c0.daytimex.rect.jpg,2
1145116800.Sat.Apr.15_16_00_00.GMT.2006.argus02a.c0.daytimex.rect.jpg,0
1356282000.Sun.Dec.23_17_00_00.GMT.2012.argus02a.c0.daytimex.rect.jpg,2
1408377600.Mon.Aug.18_16_00_00.GMT.2014.argus02a.c0.daytimex.rect.jpg,0
1100538000.Mon.Nov.15_17_00_00.GMT.2004.argus02a.c0.daytimex.rect.jpg,3
749750400.Mon.Oct.04_16_00_00.GMT.1993.argus02.c0.daytimex.rect.jpg,1
694976400.Thu.Jan.09_17_00_00.GMT.1992.argus02.c0.timex.rect.jpg,0
553885200.Tue.Jul.21_17_00_00.GMT.1987.argus02.c0.timex.rect.jpg,1
1385226000.Sat.Nov.23_17_00_00.GMT.2013.argus02a.c0.daytimex.rect.jpg,3
1174582800.Thu.Mar.22_17_00_00.GMT.2007.argus02a.c0.daytimex.rect.jpg,4
1019145600.Thu.Apr.18_16_00_00.GMT.2002.argus02a.c0.daytimex.rect.jpg,0
1100710800.Wed.Nov.17_17_00_00.GMT.2004.argus02a.c0.daytimex.rect.jpg,3
856976400.Wed.Feb.26_17_00_00.GMT.1997.argus02.c0.daytimex.rect.jpg,2
549133200.Wed.May.27_17_00_00.GMT.1987.argus02.c0.timex.rect.jpg,2
1445788800.Sun.Oct.25_16_00_00.GMT.2015.argus02b.c1.daytimex.rect.jpg,3
1357578000.Mon.Jan.07_17_00_00.GMT.2013.argus02a.c0.daytimex.rect.jpg,4
574362000.Mon.Mar.14_17_00_00.GMT.1988.argus02.c0.timex.rect.jpg,2
1342281600.Sat.Jul.14_16_00_00.GMT.2012.argus02a.c0.daytimex.rect.jpg,1
1226163600.Sat.Nov.08_17_00_00.GMT.2008.argus02a.c0.daytimex.rect.jpg,3
813340800.Tue.Oct.10_16_00_00.GMT.1995.argus02.c0.daytimex.rect.jpg,3
1327424400.Tue.Jan.24_17_00_00.GMT.2012.argus02a.c0.daytimex.rect.jpg,4
894038400.Fri.May.01_16_00_00.GMT.1998.argus02a.c0.daytimex.rect.jpg,2
738000000.Fri.May.21_16_00_00.GMT.1993.argus02.c0.daytimex.rect.jpg,2
1297270800.Wed.Feb.09_17_00_00.GMT.2011.argus02a.c0.daytimex.rect.jpg,4
1165165200.Sun.Dec.03_17_00_00.GMT.2006.argus02a.c0.daytimex.rect.jpg,4
1131814800.Sat.Nov.12_17_00_00.GMT.2005.argus02a.c0.daytimex.rect.jpg,4
574189200.Sat.Mar.12_17_00_00.GMT.1988.argus02.c0.timex.rect.jpg,2
548874000.Sun.May.24_17_00_00.GMT.1987.argus02.c0.timex.rect.jpg,3
564166800.Tue.Nov.17_17_00_00.GMT.1987.argus02.c0.timex.rect.jpg,4
663267600.Mon.Jan.07_17_00_00.GMT.1991.argus02.c0.timex.rect.jpg,1
1400515200.Mon.May.19_16_00_00.GMT.2014.argus02a.c0.daytimex.rect.jpg,2
1409587200.Mon.Sep.01_16_00_00.GMT.2014.argus02a.c0.daytimex.rect.jpg,3
832608000.Mon.May.20_16_00_00.GMT.1996.argus02.c0.daytimex.rect.jpg,1
1086192000.Wed.Jun.02_16_00_00.GMT.2004.argus02a.c0.daytimex.rect.jpg,0
744652800.Fri.Aug.06_16_00_00.GMT.1993.argus02.c0.daytimex.rect.jpg,0
1009558800.Fri.Dec.28_17_00_00.GMT.2001.argus02a.c0.daytimex.rect.jpg,2
837446400.Mon.Jul.15_16_00_00.GMT.1996.argus02.c0.daytimex.rect.jpg,1
1196528400.Sat.Dec.01_17_00_00.GMT.2007.argus02a.c0.daytimex.rect.jpg,4
541443600.Fri.Feb.27_17_00_00.GMT.1987.argus02.c0.timex.rect.jpg,2
561574800.Sun.Oct.18_17_00_00.GMT.1987.argus02.c0.timex.rect.jpg,2
780249600.Thu.Sep.22_16_00_00.GMT.1994.argus02.c0.daytimex.rect.jpg,4
816886800.Mon.Nov.20_17_00_00.GMT.1995.argus02.c0.daytimex.rect.jpg,4
1385917200.Sun.Dec.01_17_00_00.GMT.2013.argus02a.c0.daytimex.rect.jpg,3
1175014800.Tue.Mar.27_17_00_00.GMT.2007.argus02a.c0.daytimex.rect.jpg,4
1178294400.Fri.May.04_16_00_00.GMT.2007.argus02a.c0.daytimex.rect.jpg,3
1285603200.Mon.Sep.27_16_00_00.GMT.2010.argus02a.c0.daytimex.rect.jpg,3
712688400.Sat.Aug.01_17_00_00.GMT.1992.argus02.c0.timex.rect.jpg,1
1330621200.Thu.Mar.01_17_00_00.GMT.2012.argus02a.c0.daytimex.rect.jpg,0
542048400.Fri.Mar.06_17_00_00.GMT.1987.argus02.c0.timex.rect.jpg,4
564253200.Wed.Nov.18_17_00_00.GMT.1987.argus02.c0.timex.rect.jpg,4
841248000.Wed.Aug.28_16_00_00.GMT.1996.argus02.c0.daytimex.rect.jpg,1
1390323600.Tue.Jan.21_17_00_00.GMT.2014.argus02a.c0.daytimex.rect.jpg,4
868204800.Sun.Jul.06_16_00_00.GMT.1997.argus02.c0.daytimex.rect.jpg,1
851446800.Tue.Dec.24_17_00_00.GMT.1996.argus02.c0.daytimex.rect.jpg,2
1394902800.Sat.Mar.15_17_00_00.GMT.2014.argus02a.c0.daytimex.rect.jpg,0
1307116800.Fri.Jun.03_16_00_00.GMT.2011.argus02a.c0.daytimex.rect.jpg,3
1261155600.Fri.Dec.18_17_00_00.GMT.2009.argus02a.c0.daytimex.rect.jpg,4
781632000.Sat.Oct.08_16_00_00.GMT.1994.argus02.c0.daytimex.rect.jpg,4
1409068800.Tue.Aug.26_16_00_00.GMT.2014.argus02a.c0.daytimex.rect.jpg,3
1382198400.Sat.Oct.19_16_00_00.GMT.2013.argus02a.c0.daytimex.rect.jpg,2
934387200.Wed.Aug.11_16_00_00.GMT.1999.argus02a.c0.daytimex.rect.jpg,0
1181923200.Fri.Jun.15_16_00_00.GMT.2007.argus02a.c0.daytimex.rect.jpg,4
1317398400.Fri.Sep.30_16_00_00.GMT.2011.argus02a.c0.daytimex.rect.jpg,4
1345305600.Sat.Aug.18_16_00_00.GMT.2012.argus02a.c0.daytimex.rect.jpg,0
801763200.Mon.May.29_16_00_00.GMT.1995.argus02.c0.daytimex.rect.jpg,2
1409846400.Thu.Sep.04_16_00_00.GMT.2014.argus02a.c0.daytimex.rect.jpg,0
1293814800.Fri.Dec.31_17_00_00.GMT.2010.argus02a.c0.daytimex.rect.jpg,3
1189440000.Mon.Sep.10_16_00_00.GMT.2007.argus02a.c0.daytimex.rect.jpg,0
1137690000.Thu.Jan.19_17_00_00.GMT.2006.argus02a.c0.daytimex.rect.jpg,4
786906000.Thu.Dec.08_17_00_00.GMT.1994.argus02.c0.daytimex.rect.jpg,4
1336752000.Fri.May.11_16_00_00.GMT.2012.argus02a.c0.daytimex.rect.jpg,1
923328000.Mon.Apr.05_16_00_00.GMT.1999.argus02a.c0.daytimex.rect.jpg,4
1139677200.Sat.Feb.11_17_00_00.GMT.2006.argus02a.c0.daytimex.rect.jpg,3
1311523200.Sun.Jul.24_16_00_00.GMT.2011.argus02a.c0.daytimex.rect.jpg,0
788029200.Wed.Dec.21_17_00_00.GMT.1994.argus02.c0.daytimex.rect.jpg,3
1425402000.Tue.Mar.03_17_00_00.GMT.2015.argus02b.c1.daytimex.rect.jpg,3
1002902400.Fri.Oct.12_16_00_00.GMT.2001.argus02a.c0.daytimex.rect.jpg,1
1036170000.Fri.Nov.01_17_00_00.GMT.2002.argus02a.c0.daytimex.rect.jpg,3
1341072000.Sat.Jun.30_16_00_00.GMT.2012.argus02a.c0.daytimex.rect.jpg,1
1184169600.Wed.Jul.11_16_00_00.GMT.2007.argus02a.c0.daytimex.rect.jpg,0
1337875200.Thu.May.24_16_00_00.GMT.2012.argus02a.c0.daytimex.rect.jpg,3
841334400.Thu.Aug.29_16_00_00.GMT.1996.argus02.c0.daytimex.rect.jpg,1
815590800.Sun.Nov.05_17_00_00.GMT.1995.argus02.c0.daytimex.rect.jpg,4
1180022400.Thu.May.24_16_00_00.GMT.2007.argus02a.c0.daytimex.rect.jpg,4
1019923200.Sat.Apr.27_16_00_00.GMT.2002.argus02a.c0.daytimex.rect.jpg,2
1393347600.Tue.Feb.25_17_00_00.GMT.2014.argus02a.c0.daytimex.rect.jpg,3
1401897600.Wed.Jun.04_16_00_00.GMT.2014.argus02a.c0.daytimex.rect.jpg,2
933264000.Thu.Jul.29_16_00_00.GMT.1999.argus02a.c0.daytimex.rect.jpg,0
766598400.Sun.Apr.17_16_00_00.GMT.1994.argus02.c0.daytimex.rect.jpg,0
1394816400.Fri.Mar.14_17_00_00.GMT.2014.argus02a.c0.daytimex.rect.jpg,3
826995600.Sat.Mar.16_17_00_00.GMT.1996.argus02.c0.daytimex.rect.jpg,1
867340800.Thu.Jun.26_16_00_00.GMT.1997.argus02.c0.daytimex.rect.jpg,2
817923600.Sat.Dec.02_17_00_00.GMT.1995.argus02.c0.daytimex.rect.jpg,4
807984000.Wed.Aug.09_16_00_00.GMT.1995.argus02.c0.daytimex.rect.jpg,4
843926400.Sat.Sep.28_16_00_00.GMT.1996.argus02.c0.daytimex.rect.jpg,1
934819200.Mon.Aug.16_16_00_00.GMT.1999.argus02a.c0.daytimex.rect.jpg,0
1396198800.Sun.Mar.30_17_00_00.GMT.2014.argus02a.c0.daytimex.rect.jpg,3
1007830800.Sat.Dec.08_17_00_00.GMT.2001.argus02a.c0.daytimex.rect.jpg,2
1122566400.Thu.Jul.28_16_00_00.GMT.2005.argus02a.c0.daytimex.rect.jpg,1
1380643200.Tue.Oct.01_16_00_00.GMT.2013.argus02a.c0.daytimex.rect.jpg,2
813859200.Mon.Oct.16_16_00_00.GMT.1995.argus02.c0.daytimex.rect.jpg,3
839692800.Sat.Aug.10_16_00_00.GMT.1996.argus02.c0.daytimex.rect.jpg,1
1226250000.Sun.Nov.09_17_00_00.GMT.2008.argus02a.c0.daytimex.rect.jpg,3
1152201600.Thu.Jul.06_16_00_00.GMT.2006.argus02a.c0.daytimex.rect.jpg,0
809366400.Fri.Aug.25_16_00_00.GMT.1995.argus02.c0.daytimex.rect.jpg,3
1333468800.Tue.Apr.03_16_00_00.GMT.2012.argus02a.c0.daytimex.rect.jpg,1
1237050000.Sat.Mar.14_17_00_00.GMT.2009.argus02a.c0.daytimex.rect.jpg,2
965059200.Mon.Jul.31_16_00_00.GMT.2000.argus02a.c0.daytimex.rect.jpg,1
830188800.Mon.Apr.22_16_00_00.GMT.1996.argus02.c0.daytimex.rect.jpg,2
1175360400.Sat.Mar.31_17_00_00.GMT.2007.argus02a.c0.daytimex.rect.jpg,3
1233421200.Sat.Jan.31_17_00_00.GMT.2009.argus02a.c0.daytimex.rect.jpg,3
1298653200.Fri.Feb.25_17_00_00.GMT.2011.argus02a.c0.daytimex.rect.jpg,4
809798400.Wed.Aug.30_16_00_00.GMT.1995.argus02.c0.daytimex.rect.jpg,3
1299690000.Wed.Mar.09_17_00_00.GMT.2011.argus02a.c0.daytimex.rect.jpg,4
740246400.Wed.Jun.16_16_00_00.GMT.1993.argus02.c0.daytimex.rect.jpg,2
1243008000.Fri.May.22_16_00_00.GMT.2009.argus02a.c0.daytimex.rect.jpg,3
1074358800.Sat.Jan.17_17_00_00.GMT.2004.argus02a.c0.daytimex.rect.jpg,4
1338566400.Fri.Jun.01_16_00_00.GMT.2012.argus02a.c0.daytimex.rect.gamma.jpg,3
1355590800.Sat.Dec.15_17_00_00.GMT.2012.argus02a.c0.daytimex.rect.jpg,2
663008400.Fri.Jan.04_17_00_00.GMT.1991.argus02.c0.timex.rect.jpg,3
1166547600.Tue.Dec.19_17_00_00.GMT.2006.argus02a.c0.daytimex.rect.jpg,4
1021996800.Tue.May.21_16_00_00.GMT.2002.argus02a.c0.daytimex.rect.jpg,2
1264611600.Wed.Jan.27_17_00_00.GMT.2010.argus02a.c0.daytimex.rect.jpg,0
763059600.Mon.Mar.07_17_00_00.GMT.1994.argus02.c0.daytimex.rect.jpg,1
1252771200.Sat.Sep.12_16_00_00.GMT.2009.argus02a.c0.daytimex.rect.jpg,3
1253462400.Sun.Sep.20_16_00_00.GMT.2009.argus02a.c0.daytimex.rect.jpg,2
871920000.Mon.Aug.18_16_00_00.GMT.1997.argus02.c0.daytimex.rect.jpg,1
1143133200.Thu.Mar.23_17_00_00.GMT.2006.argus02a.c0.daytimex.rect.jpg,4
769190400.Tue.May.17_16_00_00.GMT.1994.argus02.c0.daytimex.rect.jpg,4
1165856400.Mon.Dec.11_17_00_00.GMT.2006.argus02a.c0.daytimex.rect.jpg,0
893174400.Tue.Apr.21_16_00_00.GMT.1998.argus02a.c0.daytimex.rect.jpg,2
1273161600.Thu.May.06_16_00_00.GMT.2010.argus02a.c0.daytimex.rect.jpg,0
672080400.Fri.Apr.19_17_00_00.GMT.1991.argus02.c0.timex.rect.jpg,2
1315584000.Fri.Sep.09_16_00_00.GMT.2011.argus02a.c0.daytimex.rect.jpg,4
807724800.Sun.Aug.06_16_00_00.GMT.1995.argus02.c0.daytimex.rect.jpg,0
1178726400.Wed.May.09_16_00_00.GMT.2007.argus02a.c0.daytimex.rect.jpg,4
1385139600.Fri.Nov.22_17_00_00.GMT.2013.argus02a.c0.daytimex.rect.jpg,3
1284393600.Mon.Sep.13_16_00_00.GMT.2010.argus02a.c0.daytimex.rect.jpg,3
1216224000.Wed.Jul.16_16_00_00.GMT.2008.argus02a.c0.daytimex.rect.jpg,1
1029513600.Fri.Aug.16_16_00_00.GMT.2002.argus02a.c0.daytimex.rect.jpg,4
889722000.Thu.Mar.12_17_00_00.GMT.1998.argus02a.c0.daytimex.rect.jpg,4
993484800.Mon.Jun.25_16_00_00.GMT.2001.argus02a.c0.daytimex.rect.jpg,0
798912000.Wed.Apr.26_16_00_00.GMT.1995.argus02.c0.daytimex.rect.jpg,4
1161360000.Fri.Oct.20_16_00_00.GMT.2006.argus02a.c0.daytimex.rect.jpg,0
1334764800.Wed.Apr.18_16_00_00.GMT.2012.argus02a.c0.daytimex.rect.jpg,1
932572800.Wed.Jul.21_16_00_00.GMT.1999.argus02a.c0.daytimex.rect.jpg,0
1118073600.Mon.Jun.06_16_00_00.GMT.2005.argus02a.c0.daytimex.rect.jpg,3
1216396800.Fri.Jul.18_16_00_00.GMT.2008.argus02a.c0.daytimex.rect.jpg,1
663613200.Fri.Jan.11_17_00_00.GMT.1991.argus02.c0.timex.rect.jpg,3
549219600.Thu.May.28_17_00_00.GMT.1987.argus02.c0.timex.rect.jpg,2
1122048000.Fri.Jul.22_16_00_00.GMT.2005.argus02a.c0.daytimex.rect.jpg,2
1091721600.Thu.Aug.05_16_00_00.GMT.2004.argus02a.c0.daytimex.rect.jpg,0
1065542400.Tue.Oct.07_16_00_00.GMT.2003.argus02a.c0.daytimex.rect.jpg,1
1178121600.Wed.May.02_16_00_00.GMT.2007.argus02a.c0.daytimex.rect.jpg,0
745257600.Fri.Aug.13_16_00_00.GMT.1993.argus02.c0.daytimex.rect.jpg,1
1030809600.Sat.Aug.31_16_00_00.GMT.2002.argus02a.c0.daytimex.rect.jpg,2
1234285200.Tue.Feb.10_17_00_00.GMT.2009.argus02a.c0.daytimex.rect.jpg,3
1344096000.Sat.Aug.04_16_00_00.GMT.2012.argus02a.c0.daytimex.rect.jpg,1
1302105600.Wed.Apr.06_16_00_00.GMT.2011.argus02a.c0.daytimex.rect.jpg,4
1095523200.Sat.Sep.18_16_00_00.GMT.2004.argus02a.c0.daytimex.rect.jpg,2
1247760000.Thu.Jul.16_16_00_00.GMT.2009.argus02a.c0.daytimex.rect.jpg,2
958147200.Fri.May.12_16_00_00.GMT.2000.argus02a.c0.daytimex.rect.jpg,2
1103821200.Thu.Dec.23_17_00_00.GMT.2004.argus02a.c0.daytimex.rect.jpg,4
847645200.Sun.Nov.10_17_00_00.GMT.1996.argus02.c0.daytimex.rect.jpg,4
791139600.Thu.Jan.26_17_00_00.GMT.1995.argus02.c0.daytimex.rect.jpg,4
1072890000.Wed.Dec.31_17_00_00.GMT.2003.argus02a.c0.daytimex.rect.jpg,3
744566400.Thu.Aug.05_16_00_00.GMT.1993.argus02.c0.daytimex.rect.jpg,1
1075914000.Wed.Feb.04_17_00_00.GMT.2004.argus02a.c0.daytimex.rect.jpg,4
1038416400.Wed.Nov.27_17_00_00.GMT.2002.argus02a.c0.daytimex.rect.jpg,4
820947600.Sat.Jan.06_17_00_00.GMT.1996.argus02.c0.daytimex.rect.jpg,4
1017853200.Wed.Apr.03_17_00_00.GMT.2002.argus02a.c0.daytimex.rect.jpg,3
913309200.Thu.Dec.10_17_00_00.GMT.1998.argus02a.c0.daytimex.rect.jpg,4
1024070400.Fri.Jun.14_16_00_00.GMT.2002.argus02a.c0.daytimex.rect.jpg,3
1401724800.Mon.Jun.02_16_00_00.GMT.2014.argus02a.c0.daytimex.rect.jpg,2
1358960400.Wed.Jan.23_17_00_00.GMT.2013.argus02a.c0.daytimex.rect.jpg,2
1117814400.Fri.Jun.03_16_00_00.GMT.2005.argus02a.c0.daytimex.rect.jpg,4
905184000.Mon.Sep.07_16_00_00.GMT.1998.argus02a.c0.daytimex.rect.jpg,3
1265648400.Mon.Feb.08_17_00_00.GMT.2010.argus02a.c0.daytimex.rect.jpg,3
1298394000.Tue.Feb.22_17_00_00.GMT.2011.argus02a.c0.daytimex.rect.jpg,4
1388509200.Tue.Dec.31_17_00_00.GMT.2013.argus02a.c0.daytimex.rect.jpg,3
1339084800.Thu.Jun.07_16_00_00.GMT.2012.argus02a.c0.daytimex.rect.jpg,2
1385744400.Fri.Nov.29_17_00_00.GMT.2013.argus02a.c0.daytimex.rect.jpg,3
1255968000.Mon.Oct.19_16_00_00.GMT.2009.argus02a.c0.daytimex.rect.jpg,4
1003507200.Fri.Oct.19_16_00_00.GMT.2001.argus02a.c0.daytimex.rect.jpg,1
965577600.Sun.Aug.06_16_00_00.GMT.2000.argus02a.c0.daytimex.rect.jpg,1
1138122000.Tue.Jan.24_17_00_00.GMT.2006.argus02a.c0.daytimex.rect.jpg,4
1354899600.Fri.Dec.07_17_00_00.GMT.2012.argus02a.c0.daytimex.rect.jpg,1
801676800.Sun.May.28_16_00_00.GMT.1995.argus02.c0.daytimex.rect.jpg,2
571597200.Thu.Feb.11_17_00_00.GMT.1988.argus02.c0.timex.rect.jpg,2
994003200.Sun.Jul.01_16_00_00.GMT.2001.argus02a.c0.daytimex.rect.jpg,0
879786000.Mon.Nov.17_17_00_00.GMT.1997.argus02a.c0.daytimex.rect.jpg,2
1312473600.Thu.Aug.04_16_00_00.GMT.2011.argus02a.c0.daytimex.rect.jpg,0
1304092800.Fri.Apr.29_16_00_00.GMT.2011.argus02a.c0.daytimex.rect.jpg,4
1165683600.Sat.Dec.09_17_00_00.GMT.2006.argus02a.c0.daytimex.rect.jpg,1
1169485200.Mon.Jan.22_17_00_00.GMT.2007.argus02a.c0.daytimex.rect.jpg,4
1049216400.Tue.Apr.01_17_00_00.GMT.2003.argus02a.c0.daytimex.rect.jpg,1
1340726400.Tue.Jun.26_16_00_00.GMT.2012.argus02a.c0.daytimex.rect.jpg,1
1197392400.Tue.Dec.11_17_00_00.GMT.2007.argus02a.c0.daytimex.rect.jpg,0
1076259600.Sun.Feb.08_17_00_00.GMT.2004.argus02a.c0.daytimex.rect.jpg,4
1061913600.Tue.Aug.26_16_00_00.GMT.2003.argus02a.c0.daytimex.rect.jpg,1
957542400.Fri.May.05_16_00_00.GMT.2000.argus02a.c0.daytimex.rect.jpg,2
1373731200.Sat.Jul.13_16_00_00.GMT.2013.argus02a.c0.daytimex.rect.jpg,2
1250784000.Thu.Aug.20_16_00_00.GMT.2009.argus02a.c0.daytimex.rect.jpg,1
1299862800.Fri.Mar.11_17_00_00.GMT.2011.argus02a.c0.daytimex.rect.jpg,4
1132160400.Wed.Nov.16_17_00_00.GMT.2005.argus02a.c0.daytimex.rect.jpg,4
1193500800.Sat.Oct.27_16_00_00.GMT.2007.argus02a.c0.daytimex.rect.jpg,4
1082390400.Mon.Apr.19_16_00_00.GMT.2004.argus02a.c0.daytimex.rect.jpg,2
1072026000.Sun.Dec.21_17_00_00.GMT.2003.argus02a.c0.daytimex.rect.jpg,3
1305561600.Mon.May.16_16_00_00.GMT.2011.argus02a.c0.daytimex.rect.jpg,3
740332800.Thu.Jun.17_16_00_00.GMT.1993.argus02.c0.daytimex.rect.jpg,2
1401552000.Sat.May.31_16_00_00.GMT.2014.argus02a.c0.daytimex.rect.jpg,2
1263661200.Sat.Jan.16_17_00_00.GMT.2010.argus02a.c0.daytimex.rect.jpg,0
1399478400.Wed.May.07_16_00_00.GMT.2014.argus02a.c0.daytimex.rect.jpg,2
1329325200.Wed.Feb.15_17_00_00.GMT.2012.argus02a.c0.daytimex.rect.jpg,0
769708800.Mon.May.23_16_00_00.GMT.1994.argus02.c0.daytimex.rect.jpg,4
1338566400.Fri.Jun.01_16_00_00.GMT.2012.argus02a.c0.daytimex.rect.jpg,3
751996800.Sat.Oct.30_16_00_00.GMT.1993.argus02.c0.daytimex.rect.jpg,3
1215100800.Thu.Jul.03_16_00_00.GMT.2008.argus02a.c0.daytimex.rect.jpg,0
1215705600.Thu.Jul.10_16_00_00.GMT.2008.argus02a.c0.daytimex.rect.jpg,0
1378483200.Fri.Sep.06_16_00_00.GMT.2013.argus02a.c0.daytimex.rect.jpg,2
1330966800.Mon.Mar.05_17_00_00.GMT.2012.argus02a.c0.daytimex.rect.jpg,0
755888400.Tue.Dec.14_17_00_00.GMT.1993.argus02.c0.daytimex.rect.jpg,4
1178985600.Sat.May.12_16_00_00.GMT.2007.argus02a.c0.daytimex.rect.jpg,0
874166400.Sat.Sep.13_16_00_00.GMT.1997.argus02.c0.daytimex.rect.jpg,4
1247068800.Wed.Jul.08_16_00_00.GMT.2009.argus02a.c0.daytimex.rect.jpg,2
736531200.Tue.May.04_16_00_00.GMT.1993.argus02.c0.daytimex.rect.jpg,2
1247155200.Thu.Jul.09_16_00_00.GMT.2009.argus02a.c0.daytimex.rect.jpg,2
963331200.Tue.Jul.11_16_00_00.GMT.2000.argus02a.c0.daytimex.rect.jpg,0
824749200.Mon.Feb.19_17_00_00.GMT.1996.argus02.c0.daytimex.rect.jpg,1
1084982400.Wed.May.19_16_00_00.GMT.2004.argus02a.c0.daytimex.rect.jpg,0
1234890000.Tue.Feb.17_17_00_00.GMT.2009.argus02a.c0.daytimex.rect.jpg,4
842198400.Sun.Sep.08_16_00_00.GMT.1996.argus02.c0.daytimex.rect.jpg,1
1343318400.Thu.Jul.26_16_00_00.GMT.2012.argus02a.c0.daytimex.rect.jpg,1
793213200.Sun.Feb.19_17_00_00.GMT.1995.argus02.c0.daytimex.rect.jpg,4
1098892800.Wed.Oct.27_16_00_00.GMT.2004.argus02a.c0.daytimex.rect.jpg,2
1115308800.Thu.May.05_16_00_00.GMT.2005.argus02a.c0.daytimex.rect.jpg,2
916419600.Fri.Jan.15_17_00_00.GMT.1999.argus02a.c0.daytimex.rect.jpg,4
1120752000.Thu.Jul.07_16_00_00.GMT.2005.argus02a.c0.daytimex.rect.jpg,2
1039798800.Fri.Dec.13_17_00_00.GMT.2002.argus02a.c0.daytimex.rect.jpg,4
1009818000.Mon.Dec.31_17_00_00.GMT.2001.argus02a.c0.daytimex.rect.jpg,2
1354813200.Thu.Dec.06_17_00_00.GMT.2012.argus02a.c0.daytimex.rect.jpg,1
1336665600.Thu.May.10_16_00_00.GMT.2012.argus02a.c0.daytimex.rect.jpg,1
549392400.Sat.May.30_17_00_00.GMT.1987.argus02.c0.timex.rect.jpg,2
828637200.Thu.Apr.04_17_00_00.GMT.1996.argus02.c0.daytimex.rect.jpg,2
1304438400.Tue.May.03_16_00_00.GMT.2011.argus02a.c0.daytimex.rect.jpg,4
741801600.Sun.Jul.04_16_00_00.GMT.1993.argus02.c0.daytimex.rect.jpg,0
1015088400.Sat.Mar.02_17_00_00.GMT.2002.argus02a.c0.daytimex.rect.jpg,2
542826000.Sun.Mar.15_17_00_00.GMT.1987.argus02.c0.timex.rect.jpg,2
1325091600.Wed.Dec.28_17_00_00.GMT.2011.argus02a.c0.daytimex.rect.jpg,1
1391274000.Sat.Feb.01_17_00_00.GMT.2014.argus02a.c0.daytimex.rect.jpg,3
771091200.Wed.Jun.08_16_00_00.GMT.1994.argus02.c0.daytimex.rect.jpg,0
1141405200.Fri.Mar.03_17_00_00.GMT.2006.argus02a.c0.daytimex.rect.jpg,4
1076518800.Wed.Feb.11_17_00_00.GMT.2004.argus02a.c0.daytimex.rect.jpg,0
824144400.Mon.Feb.12_17_00_00.GMT.1996.argus02.c0.daytimex.rect.jpg,1
870796800.Tue.Aug.05_16_00_00.GMT.1997.argus02.c0.daytimex.rect.jpg,1
1338480000.Thu.May.31_16_00_00.GMT.2012.argus02a.c0.daytimex.rect.jpg,3
1142701200.Sat.Mar.18_17_00_00.GMT.2006.argus02a.c0.daytimex.rect.jpg,4
788893200.Sat.Dec.31_17_00_00.GMT.1994.argus02.c0.daytimex.rect.jpg,3
1232816400.Sat.Jan.24_17_00_00.GMT.2009.argus02a.c0.daytimex.rect.jpg,4
1214755200.Sun.Jun.29_16_00_00.GMT.2008.argus02a.c0.daytimex.rect.jpg,1
843062400.Wed.Sep.18_16_00_00.GMT.1996.argus02.c0.daytimex.rect.jpg,1
1014742800.Tue.Feb.26_17_00_00.GMT.2002.argus02a.c0.daytimex.rect.jpg,2
1007139600.Fri.Nov.30_17_00_00.GMT.2001.argus02a.c0.daytimex.rect.jpg,1
1096646400.Fri.Oct.01_16_00_00.GMT.2004.argus02a.c0.daytimex.rect.jpg,2
1197565200.Thu.Dec.13_17_00_00.GMT.2007.argus02a.c0.daytimex.rect.jpg,4
1150819200.Tue.Jun.20_16_00_00.GMT.2006.argus02a.c0.daytimex.rect.jpg,0
559933200.Tue.Sep.29_17_00_00.GMT.1987.argus02.c0.timex.rect.jpg,2
1195750800.Thu.Nov.22_17_00_00.GMT.2007.argus02a.c0.daytimex.rect.jpg,4
1097596800.Tue.Oct.12_16_00_00.GMT.2004.argus02a.c0.daytimex.rect.jpg,2
799603200.Thu.May.04_16_00_00.GMT.1995.argus02.c0.daytimex.rect.jpg,4
1080752400.Wed.Mar.31_17_00_00.GMT.2004.argus02a.c0.daytimex.rect.jpg,2
1116000000.Fri.May.13_16_00_00.GMT.2005.argus02a.c0.daytimex.rect.jpg,2
755715600.Sun.Dec.12_17_00_00.GMT.1993.argus02.c0.daytimex.rect.jpg,4
842976000.Tue.Sep.17_16_00_00.GMT.1996.argus02.c0.daytimex.rect.jpg,1
554230800.Sat.Jul.25_17_00_00.GMT.1987.argus02.c0.timex.rect.jpg,1
1287244800.Sat.Oct.16_16_00_00.GMT.2010.argus02a.c0.daytimex.rect.jpg,3
1294678800.Mon.Jan.10_17_00_00.GMT.2011.argus02a.c0.daytimex.rect.jpg,3
1243526400.Thu.May.28_16_00_00.GMT.2009.argus02a.c0.daytimex.rect.jpg,3
1194368400.Tue.Nov.06_17_00_00.GMT.2007.argus02a.c0.daytimex.rect.jpg,0
1249315200.Mon.Aug.03_16_00_00.GMT.2009.argus02a.c0.daytimex.rect.jpg,1
880045200.Thu.Nov.20_17_00_00.GMT.1997.argus02a.c0.daytimex.rect.jpg,0
1135702800.Tue.Dec.27_17_00_00.GMT.2005.argus02a.c0.daytimex.rect.jpg,3
1187971200.Fri.Aug.24_16_00_00.GMT.2007.argus02a.c0.daytimex.rect.jpg,4
1352221200.Tue.Nov.06_17_00_00.GMT.2012.argus02a.c0.daytimex.rect.jpg,1
784746000.Sun.Nov.13_17_00_00.GMT.1994.argus02.c0.daytimex.rect.jpg,1
1410969600.Wed.Sep.17_16_00_00.GMT.2014.argus02a.c0.daytimex.rect.jpg,1
1331485200.Sun.Mar.11_17_00_00.GMT.2012.argus02a.c0.daytimex.rect.jpg,0
819738000.Sat.Dec.23_17_00_00.GMT.1995.argus02.c0.daytimex.rect.jpg,4
1379606400.Thu.Sep.19_16_00_00.GMT.2013.argus02a.c0.daytimex.rect.jpg,3
1343059200.Mon.Jul.23_16_00_00.GMT.2012.argus02a.c0.daytimex.rect.jpg,1
832348800.Fri.May.17_16_00_00.GMT.1996.argus02.c0.daytimex.rect.jpg,1
1311955200.Fri.Jul.29_16_00_00.GMT.2011.argus02a.c0.daytimex.rect.jpg,0
1337616000.Mon.May.21_16_00_00.GMT.2012.argus02a.c0.daytimex.rect.jpg,2
1008349200.Fri.Dec.14_17_00_00.GMT.2001.argus02a.c0.daytimex.rect.jpg,2
561920400.Thu.Oct.22_17_00_00.GMT.1987.argus02.c0.timex.rect.jpg,2
1041008400.Fri.Dec.27_17_00_00.GMT.2002.argus02a.c0.daytimex.rect.jpg,4
840556800.Tue.Aug.20_16_00_00.GMT.1996.argus02.c0.daytimex.rect.jpg,0
553798800.Mon.Jul.20_17_00_00.GMT.1987.argus02.c0.timex.rect.jpg,1
1019836800.Fri.Apr.26_16_00_00.GMT.2002.argus02a.c0.daytimex.rect.jpg,2
1253030400.Tue.Sep.15_16_00_00.GMT.2009.argus02a.c0.daytimex.rect.jpg,3
1450544400.Sat.Dec.19_17_00_00.GMT.2015.argus02b.c1.daytimex.rect.jpg,3
1343664000.Mon.Jul.30_16_00_00.GMT.2012.argus02a.c0.daytimex.rect.jpg,1
913395600.Fri.Dec.11_17_00_00.GMT.1998.argus02a.c0.daytimex.rect.jpg,4
1328634000.Tue.Feb.07_17_00_00.GMT.2012.argus02a.c0.daytimex.rect.jpg,4
931622400.Sat.Jul.10_16_00_00.GMT.1999.argus02a.c0.daytimex.rect.jpg,0
1394384400.Sun.Mar.09_17_00_00.GMT.2014.argus02a.c0.daytimex.rect.jpg,3
1294160400.Tue.Jan.04_17_00_00.GMT.2011.argus02a.c0.daytimex.rect.jpg,3
1226422800.Tue.Nov.11_17_00_00.GMT.2008.argus02a.c0.daytimex.rect.jpg,3
1131987600.Mon.Nov.14_17_00_00.GMT.2005.argus02a.c0.daytimex.rect.jpg,4
1037293200.Thu.Nov.14_17_00_00.GMT.2002.argus02a.c0.daytimex.rect.jpg,4
1181836800.Thu.Jun.14_16_00_00.GMT.2007.argus02a.c0.daytimex.rect.jpg,4
730400400.Mon.Feb.22_17_00_00.GMT.1993.argus02.c0.daytimex.rect.jpg,3
941734800.Thu.Nov.04_17_00_00.GMT.1999.argus02a.c0.daytimex.rect.jpg,2
1385053200.Thu.Nov.21_17_00_00.GMT.2013.argus02a.c0.daytimex.rect.jpg,4
1210176000.Wed.May.07_16_00_00.GMT.2008.argus02a.c0.daytimex.rect.jpg,1
1406044800.Tue.Jul.22_16_00_00.GMT.2014.argus02a.c0.daytimex.rect.jpg,3
829324800.Fri.Apr.12_16_00_00.GMT.1996.argus02.c0.daytimex.rect.jpg,2
1042131600.Thu.Jan.09_17_00_00.GMT.2003.argus02a.c0.daytimex.rect.jpg,0
538592400.Sun.Jan.25_17_00_00.GMT.1987.argus02.c0.timex.rect.jpg,4
1177344000.Mon.Apr.23_16_00_00.GMT.2007.argus02a.c0.daytimex.rect.jpg,3
1300986000.Thu.Mar.24_17_00_00.GMT.2011.argus02a.c0.daytimex.rect.jpg,4
1179158400.Mon.May.14_16_00_00.GMT.2007.argus02a.c0.daytimex.rect.jpg,4
549824400.Thu.Jun.04_17_00_00.GMT.1987.argus02.c0.timex.rect.jpg,2
1103562000.Mon.Dec.20_17_00_00.GMT.2004.argus02a.c0.daytimex.rect.jpg,4
873216000.Tue.Sep.02_16_00_00.GMT.1997.argus02.c0.daytimex.rect.jpg,2
824490000.Fri.Feb.16_17_00_00.GMT.1996.argus02.c0.daytimex.rect.jpg,1
934992000.Wed.Aug.18_16_00_00.GMT.1999.argus02a.c0.daytimex.rect.jpg,0
1084723200.Sun.May.16_16_00_00.GMT.2004.argus02a.c0.daytimex.rect.jpg,0
849718800.Wed.Dec.04_17_00_00.GMT.1996.argus02.c0.daytimex.rect.jpg,2
1331053200.Tue.Mar.06_17_00_00.GMT.2012.argus02a.c0.daytimex.rect.jpg,1
696099600.Wed.Jan.22_17_00_00.GMT.1992.argus02.c0.timex.rect.jpg,3
1069693200.Mon.Nov.24_17_00_00.GMT.2003.argus02a.c0.daytimex.rect.jpg,2
688496400.Sat.Oct.26_17_00_00.GMT.1991.argus02.c0.timex.rect.jpg,3
820774800.Thu.Jan.04_17_00_00.GMT.1996.argus02.c0.daytimex.rect.jpg,4
1233248400.Thu.Jan.29_17_00_00.GMT.2009.argus02a.c0.daytimex.rect.jpg,3
1046797200.Tue.Mar.04_17_00_00.GMT.2003.argus02a.c0.daytimex.rect.jpg,2
1248624000.Sun.Jul.26_16_00_00.GMT.2009.argus02a.c0.daytimex.rect.jpg,1
1308067200.Tue.Jun.14_16_00_00.GMT.2011.argus02a.c0.daytimex.rect.jpg,4
1068570000.Tue.Nov.11_17_00_00.GMT.2003.argus02a.c0.daytimex.rect.jpg,3
1023897600.Wed.Jun.12_16_00_00.GMT.2002.argus02a.c0.daytimex.rect.jpg,3
958665600.Thu.May.18_16_00_00.GMT.2000.argus02a.c0.daytimex.rect.jpg,2
888166800.Sun.Feb.22_17_00_00.GMT.1998.argus02a.c0.daytimex.rect.jpg,2
992793600.Sun.Jun.17_16_00_00.GMT.2001.argus02a.c0.daytimex.rect.jpg,0
1058803200.Mon.Jul.21_16_00_00.GMT.2003.argus02a.c0.daytimex.rect.jpg,1
1344528000.Thu.Aug.09_16_00_00.GMT.2012.argus02a.c0.daytimex.rect.jpg,0
1373644800.Fri.Jul.12_16_00_00.GMT.2013.argus02a.c0.daytimex.rect.jpg,2
1401120000.Mon.May.26_16_00_00.GMT.2014.argus02a.c0.daytimex.rect.jpg,2
1072630800.Sun.Dec.28_17_00_00.GMT.2003.argus02a.c0.daytimex.rect.jpg,3
775584000.Sat.Jul.30_16_00_00.GMT.1994.argus02.c0.daytimex.rect.jpg,0
750960000.Mon.Oct.18_16_00_00.GMT.1993.argus02.c0.daytimex.rect.jpg,3
556304400.Tue.Aug.18_17_00_00.GMT.1987.argus02.c0.timex.rect.jpg,4
1351267200.Fri.Oct.26_16_00_00.GMT.2012.argus02a.c0.daytimex.rect.jpg,4
896976000.Thu.Jun.04_16_00_00.GMT.1998.argus02a.c0.daytimex.rect.jpg,2
933955200.Fri.Aug.06_16_00_00.GMT.1999.argus02a.c0.daytimex.rect.jpg,0
1231606800.Sat.Jan.10_17_00_00.GMT.2009.argus02a.c0.daytimex.rect.jpg,4
915642000.Wed.Jan.06_17_00_00.GMT.1999.argus02a.c0.daytimex.rect.jpg,4
966873600.Mon.Aug.21_16_00_00.GMT.2000.argus02a.c0.daytimex.rect.jpg,1
696013200.Tue.Jan.21_17_00_00.GMT.1992.argus02.c0.timex.rect.jpg,0
1063468800.Sat.Sep.13_16_00_00.GMT.2003.argus02a.c0.daytimex.rect.jpg,2
694371600.Thu.Jan.02_17_00_00.GMT.1992.argus02.c0.timex.rect.jpg,3
896630400.Sun.May.31_16_00_00.GMT.1998.argus02a.c0.daytimex.rect.jpg,2
1255276800.Sun.Oct.11_16_00_00.GMT.2009.argus02a.c0.daytimex.rect.jpg,2
554144400.Fri.Jul.24_17_00_00.GMT.1987.argus02.c0.timex.rect.jpg,1
1188748800.Sun.Sep.02_16_00_00.GMT.2007.argus02a.c0.daytimex.rect.jpg,4
1335024000.Sat.Apr.21_16_00_00.GMT.2012.argus02a.c0.daytimex.rect.jpg,2
1255449600.Tue.Oct.13_16_00_00.GMT.2009.argus02a.c0.daytimex.rect.jpg,3
1332003600.Sat.Mar.17_17_00_00.GMT.2012.argus02a.c0.daytimex.rect.jpg,0
872611200.Tue.Aug.26_16_00_00.GMT.1997.argus02.c0.daytimex.rect.jpg,1
817318800.Sat.Nov.25_17_00_00.GMT.1995.argus02.c0.daytimex.rect.jpg,4
809539200.Sun.Aug.27_16_00_00.GMT.1995.argus02.c0.daytimex.rect.jpg,3
1413734400.Sun.Oct.19_16_00_00.GMT.2014.argus02a.c0.daytimex.rect.jpg,4
1310572800.Wed.Jul.13_16_00_00.GMT.2011.argus02a.c0.daytimex.rect.jpg,0
695062800.Fri.Jan.10_17_00_00.GMT.1992.argus02.c0.timex.rect.jpg,0
835286400.Thu.Jun.20_16_00_00.GMT.1996.argus02.c0.daytimex.rect.jpg,0
1117555200.Tue.May.31_16_00_00.GMT.2005.argus02a.c0.daytimex.rect.jpg,2
663526800.Thu.Jan.10_17_00_00.GMT.1991.argus02.c0.timex.rect.jpg,3
1031414400.Sat.Sep.07_16_00_00.GMT.2002.argus02a.c0.daytimex.rect.jpg,2
1303660800.Sun.Apr.24_16_00_00.GMT.2011.argus02a.c0.daytimex.rect.jpg,4
901987200.Sat.Aug.01_16_00_00.GMT.1998.argus02a.c0.daytimex.rect.jpg,4
825526800.Wed.Feb.28_17_00_00.GMT.1996.argus02.c0.daytimex.rect.jpg,1
820256400.Fri.Dec.29_17_00_00.GMT.1995.argus02.c0.daytimex.rect.jpg,4
1008608400.Mon.Dec.17_17_00_00.GMT.2001.argus02a.c0.daytimex.rect.jpg,2
1197306000.Mon.Dec.10_17_00_00.GMT.2007.argus02a.c0.daytimex.rect.jpg,0
556131600.Sun.Aug.16_17_00_00.GMT.1987.argus02.c0.timex.rect.jpg,4
1375718400.Mon.Aug.05_16_00_00.GMT.2013.argus02a.c0.daytimex.rect.jpg,3
1392138000.Tue.Feb.11_17_00_00.GMT.2014.argus02a.c0.daytimex.rect.jpg,4
964972800.Sun.Jul.30_16_00_00.GMT.2000.argus02a.c0.daytimex.rect.jpg,1
1079370000.Mon.Mar.15_17_00_00.GMT.2004.argus02a.c0.daytimex.rect.jpg,0
673981200.Sat.May.11_17_00_00.GMT.1991.argus02.c0.timex.rect.jpg,3
796064400.Fri.Mar.24_17_00_00.GMT.1995.argus02.c0.daytimex.rect.jpg,3
905097600.Sun.Sep.06_16_00_00.GMT.1998.argus02a.c0.daytimex.rect.jpg,3
1377014400.Tue.Aug.20_16_00_00.GMT.2013.argus02a.c0.daytimex.rect.jpg,2
1399212001.Sun.May.04_14_00_01.GMT.2014.argus02a.c0.timex.rect.jpg,0
741888000.Mon.Jul.05_16_00_00.GMT.1993.argus02.c0.daytimex.rect.jpg,0
1055606400.Sat.Jun.14_16_00_00.GMT.2003.argus02a.c0.daytimex.rect.jpg,1
812908800.Thu.Oct.05_16_00_00.GMT.1995.argus02.c0.daytimex.rect.jpg,3
1089561600.Sun.Jul.11_16_00_00.GMT.2004.argus02a.c0.daytimex.rect.jpg,0
1359306000.Sun.Jan.27_17_00_00.GMT.2013.argus02a.c0.daytimex.rect.jpg,3
574016400.Thu.Mar.10_17_00_00.GMT.1988.argus02.c0.timex.rect.jpg,2
898531200.Mon.Jun.22_16_00_00.GMT.1998.argus02a.c0.daytimex.rect.jpg,1
555354000.Fri.Aug.07_17_00_00.GMT.1987.argus02.c0.timex.rect.jpg,1
1304265600.Sun.May.01_16_00_00.GMT.2011.argus02a.c0.daytimex.rect.jpg,4
984934800.Sun.Mar.18_17_00_00.GMT.2001.argus02a.c0.daytimex.rect.jpg,1
542566800.Thu.Mar.12_17_00_00.GMT.1987.argus02.c0.timex.rect.jpg,2
942944400.Thu.Nov.18_17_00_00.GMT.1999.argus02a.c0.daytimex.rect.jpg,4
1169312400.Sat.Jan.20_17_00_00.GMT.2007.argus02a.c0.daytimex.rect.jpg,4
713120400.Thu.Aug.06_17_00_00.GMT.1992.argus02.c0.timex.rect.jpg,2
1381939200.Wed.Oct.16_16_00_00.GMT.2013.argus02a.c0.daytimex.rect.jpg,2
926179200.Sat.May.08_16_00_00.GMT.1999.argus02a.c0.daytimex.rect.jpg,0
550083600.Sun.Jun.07_17_00_00.GMT.1987.argus02.c0.timex.rect.jpg,2
1277136000.Mon.Jun.21_16_00_00.GMT.2010.argus02a.c0.daytimex.rect.jpg,4
738691200.Sat.May.29_16_00_00.GMT.1993.argus02.c0.daytimex.rect.jpg,0
907344000.Fri.Oct.02_16_00_00.GMT.1998.argus02a.c0.daytimex.rect.jpg,4
1119801600.Sun.Jun.26_16_00_00.GMT.2005.argus02a.c0.daytimex.rect.jpg,2
1343750400.Tue.Jul.31_16_00_00.GMT.2012.argus02a.c0.daytimex.rect.jpg,1
948474000.Fri.Jan.21_17_00_00.GMT.2000.argus02a.c0.daytimex.rect.jpg,4
1139590800.Fri.Feb.10_17_00_00.GMT.2006.argus02a.c0.daytimex.rect.jpg,0
1114012800.Wed.Apr.20_16_00_00.GMT.2005.argus02a.c0.daytimex.rect.jpg,2
560365200.Sun.Oct.04_17_00_00.GMT.1987.argus02.c0.timex.rect.jpg,4
1176393600.Thu.Apr.12_16_00_00.GMT.2007.argus02a.c0.daytimex.rect.jpg,4
741283200.Mon.Jun.28_16_00_00.GMT.1993.argus02.c0.daytimex.rect.jpg,0
1393261200.Mon.Feb.24_17_00_00.GMT.2014.argus02a.c0.daytimex.rect.jpg,3
871747200.Sat.Aug.16_16_00_00.GMT.1997.argus02.c0.daytimex.rect.jpg,1
851878800.Sun.Dec.29_17_00_00.GMT.1996.argus02.c0.daytimex.rect.jpg,2
1186243200.Sat.Aug.04_16_00_00.GMT.2007.argus02a.c0.daytimex.rect.jpg,0
1256576400.Mon.Oct.26_17_00_00.GMT.2009.argus02a.c0.daytimex.rect.jpg,3
1094227200.Fri.Sep.03_16_00_00.GMT.2004.argus02a.c0.daytimex.rect.jpg,1
551034000.Thu.Jun.18_17_00_00.GMT.1987.argus02.c0.timex.rect.jpg,2
1321462800.Wed.Nov.16_17_00_00.GMT.2011.argus02a.c0.daytimex.rect.jpg,0
1285689600.Tue.Sep.28_16_00_00.GMT.2010.argus02a.c0.daytimex.rect.jpg,4
825786000.Sat.Mar.02_17_00_00.GMT.1996.argus02.c0.daytimex.rect.jpg,1
1179590400.Sat.May.19_16_00_00.GMT.2007.argus02a.c0.daytimex.rect.jpg,4
1342800000.Fri.Jul.20_16_00_00.GMT.2012.argus02a.c0.daytimex.rect.jpg,1
1447520400.Sat.Nov.14_17_00_00.GMT.2015.argus02b.c1.daytimex.rect.jpg,3
1101229200.Tue.Nov.23_17_00_00.GMT.2004.argus02a.c0.daytimex.rect.jpg,3
921171600.Thu.Mar.11_17_00_00.GMT.1999.argus02a.c0.daytimex.rect.jpg,4
1253721600.Wed.Sep.23_16_00_00.GMT.2009.argus02a.c0.daytimex.rect.jpg,2
847386000.Thu.Nov.07_17_00_00.GMT.1996.argus02.c0.daytimex.rect.jpg,4
1298307600.Mon.Feb.21_17_00_00.GMT.2011.argus02a.c0.daytimex.rect.jpg,4
817059600.Wed.Nov.22_17_00_00.GMT.1995.argus02.c0.daytimex.rect.jpg,4
755629200.Sat.Dec.11_17_00_00.GMT.1993.argus02.c0.daytimex.rect.jpg,4
992448000.Wed.Jun.13_16_00_00.GMT.2001.argus02a.c0.daytimex.rect.jpg,0
826304400.Fri.Mar.08_17_00_00.GMT.1996.argus02.c0.daytimex.rect.jpg,1
1156867200.Tue.Aug.29_16_00_00.GMT.2006.argus02a.c0.daytimex.rect.jpg,1
860515200.Tue.Apr.08_16_00_00.GMT.1997.argus02.c0.daytimex.rect.jpg,2
911149200.Sun.Nov.15_17_00_00.GMT.1998.argus02a.c0.daytimex.rect.jpg,2
778176000.Mon.Aug.29_16_00_00.GMT.1994.argus02.c0.daytimex.rect.jpg,4
869846400.Fri.Jul.25_16_00_00.GMT.1997.argus02.c0.daytimex.rect.jpg,1
1082822400.Sat.Apr.24_16_00_00.GMT.2004.argus02a.c0.daytimex.rect.jpg,2
1168016400.Fri.Jan.05_17_00_00.GMT.2007.argus02a.c0.daytimex.rect.jpg,1
966182400.Sun.Aug.13_16_00_00.GMT.2000.argus02a.c0.daytimex.rect.jpg,4
1177257600.Sun.Apr.22_16_00_00.GMT.2007.argus02a.c0.daytimex.rect.jpg,3
833385600.Wed.May.29_16_00_00.GMT.1996.argus02.c0.daytimex.rect.jpg,1
854298000.Sun.Jan.26_17_00_00.GMT.1997.argus02.c0.daytimex.rect.jpg,4
571078800.Fri.Feb.05_17_00_00.GMT.1988.argus02.c0.timex.rect.jpg,2
1032278400.Tue.Sep.17_16_00_00.GMT.2002.argus02a.c0.daytimex.rect.jpg,4
1303920000.Wed.Apr.27_16_00_00.GMT.2011.argus02a.c0.daytimex.rect.jpg,4
1444320000.Thu.Oct.08_16_00_00.GMT.2015.argus02b.c1.daytimex.rect.jpg,3
541962000.Thu.Mar.05_17_00_00.GMT.1987.argus02.c0.timex.rect.jpg,4
825958800.Mon.Mar.04_17_00_00.GMT.1996.argus02.c0.daytimex.rect.jpg,4
942685200.Mon.Nov.15_17_00_00.GMT.1999.argus02a.c0.daytimex.rect.jpg,4
838396800.Fri.Jul.26_16_00_00.GMT.1996.argus02.c0.daytimex.rect.jpg,1
927648000.Tue.May.25_16_00_00.GMT.1999.argus02a.c0.daytimex.rect.jpg,0
665427600.Fri.Feb.01_17_00_00.GMT.1991.argus02.c0.timex.rect.jpg,1
840297600.Sat.Aug.17_16_00_00.GMT.1996.argus02.c0.daytimex.rect.jpg,1
739296000.Sat.Jun.05_16_00_00.GMT.1993.argus02.c0.daytimex.rect.jpg,2
1350057600.Fri.Oct.12_16_00_00.GMT.2012.argus02a.c0.daytimex.rect.jpg,4
861292800.Thu.Apr.17_16_00_00.GMT.1997.argus02.c0.daytimex.rect.jpg,3
1283184000.Mon.Aug.30_16_00_00.GMT.2010.argus02a.c0.daytimex.rect.jpg,1
1312387200.Wed.Aug.03_16_00_00.GMT.2011.argus02a.c0.daytimex.rect.jpg,0
1112803200.Wed.Apr.06_16_00_00.GMT.2005.argus02a.c0.daytimex.rect.jpg,0
1164819600.Wed.Nov.29_17_00_00.GMT.2006.argus02a.c0.daytimex.rect.jpg,1
1103043600.Tue.Dec.14_17_00_00.GMT.2004.argus02a.c0.daytimex.rect.jpg,3
831052800.Thu.May.02_16_00_00.GMT.1996.argus02.c0.daytimex.rect.jpg,1
1031328000.Fri.Sep.06_16_00_00.GMT.2002.argus02a.c0.daytimex.rect.jpg,2
1032624000.Sat.Sep.21_16_00_00.GMT.2002.argus02a.c0.daytimex.rect.jpg,3
1374854400.Fri.Jul.26_16_00_00.GMT.2013.argus02a.c0.daytimex.rect.jpg,1
1399302001.Mon.May.05_15_00_01.GMT.2014.argus02a.c0.timex.rect.jpg,0
1341849600.Mon.Jul.09_16_00_00.GMT.2012.argus02a.c0.daytimex.rect.jpg,1
1358787600.Mon.Jan.21_17_00_00.GMT.2013.argus02a.c0.daytimex.rect.jpg,2
1085500800.Tue.May.25_16_00_00.GMT.2004.argus02a.c0.daytimex.rect.jpg,0
1409155200.Wed.Aug.27_16_00_00.GMT.2014.argus02a.c0.daytimex.rect.jpg,3
1048611600.Tue.Mar.25_17_00_00.GMT.2003.argus02a.c0.daytimex.rect.jpg,1
1229792400.Sat.Dec.20_17_00_00.GMT.2008.argus02a.c0.daytimex.rect.jpg,2
1184428800.Sat.Jul.14_16_00_00.GMT.2007.argus02a.c0.daytimex.rect.jpg,0
1290618000.Wed.Nov.24_17_00_00.GMT.2010.argus02a.c0.daytimex.rect.jpg,3
1381593600.Sat.Oct.12_16_00_00.GMT.2013.argus02a.c0.daytimex.rect.jpg,2
1180540800.Wed.May.30_16_00_00.GMT.2007.argus02a.c0.daytimex.rect.jpg,0
1180281600.Sun.May.27_16_00_00.GMT.2007.argus02a.c0.daytimex.rect.jpg,0
1304611200.Thu.May.05_16_00_00.GMT.2011.argus02a.c0.daytimex.rect.jpg,4
799689600.Fri.May.05_16_00_00.GMT.1995.argus02.c0.daytimex.rect.jpg,3
730486800.Tue.Feb.23_17_00_00.GMT.1993.argus02.c0.daytimex.rect.jpg,0
1426006800.Tue.Mar.10_17_00_00.GMT.2015.argus02b.c1.daytimex.rect.jpg,0
1040144400.Tue.Dec.17_17_00_00.GMT.2002.argus02a.c0.daytimex.rect.jpg,4
1411142400.Fri.Sep.19_16_00_00.GMT.2014.argus02a.c0.daytimex.rect.jpg,3
797443200.Sun.Apr.09_16_00_00.GMT.1995.argus02.c0.daytimex.rect.jpg,4
1120924800.Sat.Jul.09_16_00_00.GMT.2005.argus02a.c0.daytimex.rect.jpg,2
769622400.Sun.May.22_16_00_00.GMT.1994.argus02.c0.daytimex.rect.jpg,4
1345651200.Wed.Aug.22_16_00_00.GMT.2012.argus02a.c0.daytimex.rect.jpg,1
1081699200.Sun.Apr.11_16_00_00.GMT.2004.argus02a.c0.daytimex.rect.jpg,2
714934800.Thu.Aug.27_17_00_00.GMT.1992.argus02.c0.timex.rect.jpg,1
1387645200.Sat.Dec.21_17_00_00.GMT.2013.argus02a.c0.daytimex.rect.jpg,4
1357232400.Thu.Jan.03_17_00_00.GMT.2013.argus02a.c0.daytimex.rect.jpg,1
1019318400.Sat.Apr.20_16_00_00.GMT.2002.argus02a.c0.daytimex.rect.jpg,0
1390582800.Fri.Jan.24_17_00_00.GMT.2014.argus02a.c0.daytimex.rect.jpg,3
739555200.Tue.Jun.08_16_00_00.GMT.1993.argus02.c0.daytimex.rect.jpg,0
827427600.Thu.Mar.21_17_00_00.GMT.1996.argus02.c0.daytimex.rect.jpg,1
932313600.Sun.Jul.18_16_00_00.GMT.1999.argus02a.c0.daytimex.rect.jpg,0
1142874000.Mon.Mar.20_17_00_00.GMT.2006.argus02a.c0.daytimex.rect.jpg,4
1410105600.Sun.Sep.07_16_00_00.GMT.2014.argus02a.c0.daytimex.rect.jpg,3
920134800.Sat.Feb.27_17_00_00.GMT.1999.argus02a.c0.daytimex.rect.jpg,3
1376841600.Sun.Aug.18_16_00_00.GMT.2013.argus02a.c0.daytimex.rect.jpg,3
1249056000.Fri.Jul.31_16_00_00.GMT.2009.argus02a.c0.daytimex.rect.jpg,1
1071248400.Fri.Dec.12_17_00_00.GMT.2003.argus02a.c0.daytimex.rect.jpg,4
1190563200.Sun.Sep.23_16_00_00.GMT.2007.argus02a.c0.daytimex.rect.jpg,0
1190822400.Wed.Sep.26_16_00_00.GMT.2007.argus02a.c0.daytimex.rect.jpg,0
1293210000.Fri.Dec.24_17_00_00.GMT.2010.argus02a.c0.daytimex.rect.jpg,4
954608400.Sat.Apr.01_17_00_00.GMT.2000.argus02a.c0.daytimex.rect.jpg,2
1288630800.Mon.Nov.01_17_00_00.GMT.2010.argus02a.c0.daytimex.rect.jpg,4
1431619200.Thu.May.14_16_00_00.GMT.2015.argus02b.c1.daytimex.rect.jpg,3
561402000.Fri.Oct.16_17_00_00.GMT.1987.argus02.c0.timex.rect.jpg,2
1392570000.Sun.Feb.16_17_00_00.GMT.2014.argus02a.c0.daytimex.rect.jpg,4
1349539200.Sat.Oct.06_16_00_00.GMT.2012.argus02a.c0.daytimex.rect.jpg,0
1125590400.Thu.Sep.01_16_00_00.GMT.2005.argus02a.c0.daytimex.rect.jpg,1
1072544400.Sat.Dec.27_17_00_00.GMT.2003.argus02a.c0.daytimex.rect.jpg,3
1395594000.Sun.Mar.23_17_00_00.GMT.2014.argus02a.c0.daytimex.rect.jpg,3
779472000.Tue.Sep.13_16_00_00.GMT.1994.argus02.c0.daytimex.rect.jpg,0
1103734800.Wed.Dec.22_17_00_00.GMT.2004.argus02a.c0.daytimex.rect.jpg,4
1404403200.Thu.Jul.03_16_00_00.GMT.2014.argus02a.c0.daytimex.rect.jpg,2
1330534800.Wed.Feb.29_17_00_00.GMT.2012.argus02a.c0.daytimex.rect.jpg,0
695667600.Fri.Jan.17_17_00_00.GMT.1992.argus02.c0.timex.rect.jpg,0
1442246400.Mon.Sep.14_16_00_00.GMT.2015.argus02b.c1.daytimex.rect.jpg,0
1260896400.Tue.Dec.15_17_00_00.GMT.2009.argus02a.c0.daytimex.rect.jpg,0
1089734400.Tue.Jul.13_16_00_00.GMT.2004.argus02a.c0.daytimex.rect.jpg,0
757011600.Mon.Dec.27_17_00_00.GMT.1993.argus02.c0.daytimex.rect.jpg,0
1163782800.Fri.Nov.17_17_00_00.GMT.2006.argus02a.c0.daytimex.rect.jpg,4
1362502800.Tue.Mar.05_17_00_00.GMT.2013.argus02a.c0.daytimex.rect.jpg,2
1113840000.Mon.Apr.18_16_00_00.GMT.2005.argus02a.c0.daytimex.rect.jpg,2
1193414400.Fri.Oct.26_16_00_00.GMT.2007.argus02a.c0.daytimex.rect.jpg,4
1071507600.Mon.Dec.15_17_00_00.GMT.2003.argus02a.c0.daytimex.rect.jpg,4
1339257600.Sat.Jun.09_16_00_00.GMT.2012.argus02a.c0.daytimex.rect.jpg,2
1193936400.Thu.Nov.01_17_00_00.GMT.2007.argus02a.c0.daytimex.rect.jpg,0
965923200.Thu.Aug.10_16_00_00.GMT.2000.argus02a.c0.daytimex.rect.jpg,0
733597200.Wed.Mar.31_17_00_00.GMT.1993.argus02.c0.daytimex.rect.jpg,0
746035200.Sun.Aug.22_16_00_00.GMT.1993.argus02.c0.daytimex.rect.jpg,1
1251820800.Tue.Sep.01_16_00_00.GMT.2009.argus02a.c0.daytimex.rect.jpg,4
910803600.Wed.Nov.11_17_00_00.GMT.1998.argus02a.c0.daytimex.rect.jpg,2
787856400.Mon.Dec.19_17_00_00.GMT.1994.argus02.c0.daytimex.rect.jpg,4
963417600.Wed.Jul.12_16_00_00.GMT.2000.argus02a.c0.daytimex.rect.jpg,1
1005325200.Fri.Nov.09_17_00_00.GMT.2001.argus02a.c0.daytimex.rect.jpg,1
1256054400.Tue.Oct.20_16_00_00.GMT.2009.argus02a.c0.daytimex.rect.jpg,3
930499200.Sun.Jun.27_16_00_00.GMT.1999.argus02a.c0.daytimex.rect.jpg,2
838224000.Wed.Jul.24_16_00_00.GMT.1996.argus02.c0.daytimex.rect.jpg,0
1356714000.Fri.Dec.28_17_00_00.GMT.2012.argus02a.c0.daytimex.rect.jpg,1
696704400.Wed.Jan.29_17_00_00.GMT.1992.argus02.c0.timex.rect.jpg,3
1293642000.Wed.Dec.29_17_00_00.GMT.2010.argus02a.c0.daytimex.rect.jpg,3
1343232000.Wed.Jul.25_16_00_00.GMT.2012.argus02a.c0.daytimex.rect.jpg,1
1345824000.Fri.Aug.24_16_00_00.GMT.2012.argus02a.c0.daytimex.rect.jpg,1
1414166400.Fri.Oct.24_16_00_00.GMT.2014.argus02a.c0.daytimex.rect.jpg,4
1006275600.Tue.Nov.20_17_00_00.GMT.2001.argus02a.c0.daytimex.rect.jpg,1
965491200.Sat.Aug.05_16_00_00.GMT.2000.argus02a.c0.daytimex.rect.jpg,0
764701200.Sat.Mar.26_17_00_00.GMT.1994.argus02.c0.daytimex.rect.jpg,4
1032883200.Tue.Sep.24_16_00_00.GMT.2002.argus02a.c0.daytimex.rect.jpg,4
971798400.Tue.Oct.17_16_00_00.GMT.2000.argus02a.c0.daytimex.rect.jpg,2
825872400.Sun.Mar.03_17_00_00.GMT.1996.argus02.c0.daytimex.rect.jpg,1
873475200.Fri.Sep.05_16_00_00.GMT.1997.argus02.c0.daytimex.rect.jpg,4
1192464000.Mon.Oct.15_16_00_00.GMT.2007.argus02a.c0.daytimex.rect.jpg,0
802972800.Mon.Jun.12_16_00_00.GMT.1995.argus02.c0.daytimex.rect.jpg,0
995299200.Mon.Jul.16_16_00_00.GMT.2001.argus02a.c0.daytimex.rect.jpg,0
1023465600.Fri.Jun.07_16_00_00.GMT.2002.argus02a.c0.daytimex.rect.jpg,2
1333126800.Fri.Mar.30_17_00_00.GMT.2012.argus02a.c0.daytimex.rect.jpg,1
902246400.Tue.Aug.04_16_00_00.GMT.1998.argus02a.c0.daytimex.rect.jpg,2
1014310800.Thu.Feb.21_17_00_00.GMT.2002.argus02a.c0.daytimex.rect.jpg,3
905011200.Sat.Sep.05_16_00_00.GMT.1998.argus02a.c0.daytimex.rect.jpg,3
985539600.Sun.Mar.25_17_00_00.GMT.2001.argus02a.c0.daytimex.rect.jpg,1
991584000.Sun.Jun.03_16_00_00.GMT.2001.argus02a.c0.daytimex.rect.jpg,1
1065628800.Wed.Oct.08_16_00_00.GMT.2003.argus02a.c0.daytimex.rect.jpg,1
1272729600.Sat.May.01_16_00_00.GMT.2010.argus02a.c0.daytimex.rect.jpg,0
1283529600.Fri.Sep.03_16_00_00.GMT.2010.argus02a.c0.daytimex.rect.jpg,4
1345564800.Tue.Aug.21_16_00_00.GMT.2012.argus02a.c0.daytimex.rect.jpg,1
1133197200.Mon.Nov.28_17_00_00.GMT.2005.argus02a.c0.daytimex.rect.jpg,4
879526800.Fri.Nov.14_17_00_00.GMT.1997.argus02.c0.daytimex.rect.jpg,2
1385830800.Sat.Nov.30_17_00_00.GMT.2013.argus02a.c0.daytimex.rect.jpg,3
566499600.Mon.Dec.14_17_00_00.GMT.1987.argus02.c0.timex.rect.jpg,4
1171904400.Mon.Feb.19_17_00_00.GMT.2007.argus02a.c0.daytimex.rect.jpg,4
839952000.Tue.Aug.13_16_00_00.GMT.1996.argus02.c0.daytimex.rect.jpg,1
927475200.Sun.May.23_16_00_00.GMT.1999.argus02a.c0.daytimex.rect.jpg,0
1017248400.Wed.Mar.27_17_00_00.GMT.2002.argus02a.c0.daytimex.rect.jpg,3
573498000.Fri.Mar.04_17_00_00.GMT.1988.argus02.c0.timex.rect.jpg,2
1413820800.Mon.Oct.20_16_00_00.GMT.2014.argus02a.c0.daytimex.rect.jpg,4
1172250000.Fri.Feb.23_17_00_00.GMT.2007.argus02a.c0.daytimex.rect.jpg,4
1339516800.Tue.Jun.12_16_00_00.GMT.2012.argus02a.c0.daytimex.rect.jpg,1
769795200.Tue.May.24_16_00_00.GMT.1994.argus02.c0.daytimex.rect.jpg,4
1386176400.Wed.Dec.04_17_00_00.GMT.2013.argus02a.c0.daytimex.rect.jpg,3
1061222400.Mon.Aug.18_16_00_00.GMT.2003.argus02a.c0.daytimex.rect.jpg,0
832435200.Sat.May.18_16_00_00.GMT.1996.argus02.c0.daytimex.rect.jpg,1
823971600.Sat.Feb.10_17_00_00.GMT.1996.argus02.c0.daytimex.rect.jpg,1
1287417600.Mon.Oct.18_16_00_00.GMT.2010.argus02a.c0.daytimex.rect.jpg,0
896457600.Fri.May.29_16_00_00.GMT.1998.argus02a.c0.daytimex.rect.jpg,2
835372800.Fri.Jun.21_16_00_00.GMT.1996.argus02.c0.daytimex.rect.jpg,0
845136000.Sat.Oct.12_16_00_00.GMT.1996.argus02.c0.daytimex.rect.jpg,1
555094800.Tue.Aug.04_17_00_00.GMT.1987.argus02.c0.timex.rect.jpg,1
1401379200.Thu.May.29_16_00_00.GMT.2014.argus02a.c0.daytimex.rect.jpg,2
1091030400.Wed.Jul.28_16_00_00.GMT.2004.argus02a.c0.daytimex.rect.jpg,0
1298566800.Thu.Feb.24_17_00_00.GMT.2011.argus02a.c0.daytimex.rect.jpg,4
1343145600.Tue.Jul.24_16_00_00.GMT.2012.argus02a.c0.daytimex.rect.jpg,1
1128441600.Tue.Oct.04_16_00_00.GMT.2005.argus02a.c0.daytimex.rect.jpg,2
968428800.Fri.Sep.08_16_00_00.GMT.2000.argus02a.c0.daytimex.rect.jpg,2
1359824400.Sat.Feb.02_17_00_00.GMT.2013.argus02a.c0.daytimex.rect.jpg,3
927993600.Sat.May.29_16_00_00.GMT.1999.argus02a.c0.daytimex.rect.jpg,0
805219200.Sat.Jul.08_16_00_00.GMT.1995.argus02.c0.daytimex.rect.jpg,2
1322413200.Sun.Nov.27_17_00_00.GMT.2011.argus02a.c0.daytimex.rect.jpg,0
1121011200.Sun.Jul.10_16_00_00.GMT.2005.argus02a.c0.daytimex.rect.jpg,2
755974800.Wed.Dec.15_17_00_00.GMT.1993.argus02.c0.daytimex.rect.jpg,4
1072285200.Wed.Dec.24_17_00_00.GMT.2003.argus02a.c0.daytimex.rect.jpg,4
1383411600.Sat.Nov.02_17_00_00.GMT.2013.argus02a.c0.daytimex.rect.jpg,2
768844800.Fri.May.13_16_00_00.GMT.1994.argus02.c0.daytimex.rect.jpg,4
924451200.Sun.Apr.18_16_00_00.GMT.1999.argus02a.c0.daytimex.rect.jpg,3
1384794000.Mon.Nov.18_17_00_00.GMT.2013.argus02a.c0.daytimex.rect.jpg,3
817664400.Wed.Nov.29_17_00_00.GMT.1995.argus02.c0.daytimex.rect.jpg,4
1060876800.Thu.Aug.14_16_00_00.GMT.2003.argus02a.c0.daytimex.rect.jpg,1
864489600.Sat.May.24_16_00_00.GMT.1997.argus02.c0.daytimex.rect.jpg,1
1334160000.Wed.Apr.11_16_00_00.GMT.2012.argus02a.c0.daytimex.rect.jpg,1
1295110800.Sat.Jan.15_17_00_00.GMT.2011.argus02a.c0.daytimex.rect.jpg,3
1326560400.Sat.Jan.14_17_00_00.GMT.2012.argus02a.c0.daytimex.rect.jpg,0
1183219200.Sat.Jun.30_16_00_00.GMT.2007.argus02a.c0.daytimex.rect.jpg,0
572029200.Tue.Feb.16_17_00_00.GMT.1988.argus02.c0.timex.rect.jpg,2
1250265600.Fri.Aug.14_16_00_00.GMT.2009.argus02a.c0.daytimex.rect.jpg,1
1190476800.Sat.Sep.22_16_00_00.GMT.2007.argus02a.c0.daytimex.rect.jpg,0
799084800.Fri.Apr.28_16_00_00.GMT.1995.argus02.c0.daytimex.rect.jpg,3
829065600.Tue.Apr.09_16_00_00.GMT.1996.argus02.c0.daytimex.rect.jpg,4
1272297600.Mon.Apr.26_16_00_00.GMT.2010.argus02a.c0.daytimex.rect.jpg,3
1252944000.Mon.Sep.14_16_00_00.GMT.2009.argus02a.c0.daytimex.rect.jpg,3
1095955200.Thu.Sep.23_16_00_00.GMT.2004.argus02a.c0.daytimex.rect.jpg,3
1196269200.Wed.Nov.28_17_00_00.GMT.2007.argus02a.c0.daytimex.rect.jpg,4
1415638800.Mon.Nov.10_17_00_00.GMT.2014.argus02a.c0.daytimex.rect.jpg,4
884797200.Wed.Jan.14_17_00_00.GMT.1998.argus02a.c0.daytimex.rect.jpg,4
1387126800.Sun.Dec.15_17_00_00.GMT.2013.argus02a.c0.daytimex.rect.jpg,4
900432000.Tue.Jul.14_16_00_00.GMT.1998.argus02a.c0.daytimex.rect.jpg,2
1015693200.Sat.Mar.09_17_00_00.GMT.2002.argus02a.c0.daytimex.rect.jpg,3
821206800.Tue.Jan.09_17_00_00.GMT.1996.argus02.c0.daytimex.rect.jpg,4
1223308800.Mon.Oct.06_16_00_00.GMT.2008.argus02a.c0.daytimex.rect.jpg,1
1211040000.Sat.May.17_16_00_00.GMT.2008.argus02a.c0.daytimex.rect.jpg,2
779212800.Sat.Sep.10_16_00_00.GMT.1994.argus02.c0.daytimex.rect.jpg,0
1234976400.Wed.Feb.18_17_00_00.GMT.2009.argus02a.c0.daytimex.rect.jpg,3
561056400.Mon.Oct.12_17_00_00.GMT.1987.argus02.c0.timex.rect.jpg,4
994262400.Wed.Jul.04_16_00_00.GMT.2001.argus02a.c0.daytimex.rect.jpg,0
1226336400.Mon.Nov.10_17_00_00.GMT.2008.argus02a.c0.daytimex.rect.jpg,3
1379088000.Fri.Sep.13_16_00_00.GMT.2013.argus02a.c0.daytimex.rect.jpg,2
875808000.Thu.Oct.02_16_00_00.GMT.1997.argus02.c0.daytimex.rect.jpg,4
544122000.Mon.Mar.30_17_00_00.GMT.1987.argus02.c0.timex.rect.jpg,2
564339600.Thu.Nov.19_17_00_00.GMT.1987.argus02.c0.timex.rect.jpg,4
